{
  "delete_character" : {
    "transaction" : "delete_character",
    "sampleCount" : 4653,
    "errorCount" : 286,
    "errorPct" : 6.146572,
    "meanResTime" : 2432.3397807865895,
    "medianResTime" : 2126.0,
    "minResTime" : 0.0,
    "maxResTime" : 15577.0,
    "pct1ResTime" : 4195.4000000000015,
    "pct2ResTime" : 6713.0,
    "pct3ResTime" : 8571.880000000001,
    "throughput" : 83.55030435797525,
    "receivedKBytesPerSec" : 29.65908568036128,
    "sentKBytesPerSec" : 14.16098918025354
  },
  "get_character/id" : {
    "transaction" : "get_character/id",
    "sampleCount" : 5390,
    "errorCount" : 3064,
    "errorPct" : 56.846012,
    "meanResTime" : 1327.0454545454581,
    "medianResTime" : 824.0,
    "minResTime" : 0.0,
    "maxResTime" : 12519.0,
    "pct1ResTime" : 3339.0,
    "pct2ResTime" : 5004.999999999985,
    "pct3ResTime" : 5708.0,
    "throughput" : 87.66650944163428,
    "receivedKBytesPerSec" : 112.77882453279769,
    "sentKBytesPerSec" : 6.019321397784754
  },
  "get_characters" : {
    "transaction" : "get_characters",
    "sampleCount" : 6286,
    "errorCount" : 464,
    "errorPct" : 7.3814826,
    "meanResTime" : 12056.514317531059,
    "medianResTime" : 8153.5,
    "minResTime" : 0.0,
    "maxResTime" : 161374.0,
    "pct1ResTime" : 25028.0,
    "pct2ResTime" : 28413.65,
    "pct3ResTime" : 157084.52,
    "throughput" : 38.18491070343822,
    "receivedKBytesPerSec" : 702.3917238849319,
    "sentKBytesPerSec" : 5.560521485086866
  },
  "Total" : {
    "transaction" : "Total",
    "sampleCount" : 26627,
    "errorCount" : 4466,
    "errorPct" : 16.77245,
    "meanResTime" : 4797.671386186947,
    "medianResTime" : 2499.0,
    "minResTime" : 0.0,
    "maxResTime" : 161374.0,
    "pct1ResTime" : 13337.800000000105,
    "pct2ResTime" : 19896.450000000023,
    "pct3ResTime" : 28907.960000000006,
    "throughput" : 161.7482687401288,
    "receivedKBytesPerSec" : 779.4884442674796,
    "sentKBytesPerSec" : 25.35558336054246
  },
  "put_character" : {
    "transaction" : "put_character",
    "sampleCount" : 4972,
    "errorCount" : 141,
    "errorPct" : 2.835881,
    "meanResTime" : 3000.1617055510887,
    "medianResTime" : 2063.0,
    "minResTime" : 0.0,
    "maxResTime" : 58376.0,
    "pct1ResTime" : 4591.299999999953,
    "pct2ResTime" : 13508.94999999999,
    "pct3ResTime" : 16503.0,
    "throughput" : 71.70154161198678,
    "receivedKBytesPerSec" : 22.54487261241221,
    "sentKBytesPerSec" : 15.166314326968836
  },
  "post_character" : {
    "transaction" : "post_character",
    "sampleCount" : 5326,
    "errorCount" : 511,
    "errorPct" : 9.594442,
    "meanResTime" : 3487.249530604577,
    "medianResTime" : 3542.5,
    "minResTime" : 0.0,
    "maxResTime" : 111891.0,
    "pct1ResTime" : 5802.0,
    "pct2ResTime" : 6615.0,
    "pct3ResTime" : 9625.0,
    "throughput" : 38.64208548273585,
    "receivedKBytesPerSec" : 18.447557469309796,
    "sentKBytesPerSec" : 7.605509476416429
  }
}