{
  "delete_character" : {
    "transaction" : "delete_character",
    "sampleCount" : 100,
    "errorCount" : 0,
    "errorPct" : 0.0,
    "meanResTime" : 61.49000000000001,
    "medianResTime" : 64.0,
    "minResTime" : 28.0,
    "maxResTime" : 81.0,
    "pct1ResTime" : 74.0,
    "pct2ResTime" : 76.0,
    "pct3ResTime" : 81.0,
    "throughput" : 442.4778761061947,
    "receivedKBytesPerSec" : 107.59471792035399,
    "sentKBytesPerSec" : 79.90096100663716
  },
  "get_character/id" : {
    "transaction" : "get_character/id",
    "sampleCount" : 100,
    "errorCount" : 0,
    "errorPct" : 0.0,
    "meanResTime" : 72.01000000000005,
    "medianResTime" : 78.0,
    "minResTime" : 21.0,
    "maxResTime" : 112.0,
    "pct1ResTime" : 103.0,
    "pct2ResTime" : 107.94999999999999,
    "pct3ResTime" : 112.0,
    "throughput" : 471.6981132075472,
    "receivedKBytesPerSec" : 117.70341981132076,
    "sentKBytesPerSec" : 75.05711969339623
  },
  "get_characters" : {
    "transaction" : "get_characters",
    "sampleCount" : 100,
    "errorCount" : 0,
    "errorPct" : 0.0,
    "meanResTime" : 761.4399999999998,
    "medianResTime" : 783.0,
    "minResTime" : 357.0,
    "maxResTime" : 1092.0,
    "pct1ResTime" : 1072.9,
    "pct2ResTime" : 1083.0,
    "pct3ResTime" : 1091.97,
    "throughput" : 79.30214115781126,
    "receivedKBytesPerSec" : 206.68662643735132,
    "sentKBytesPerSec" : 12.468403053132436
  },
  "Total" : {
    "transaction" : "Total",
    "sampleCount" : 500,
    "errorCount" : 0,
    "errorPct" : 0.0,
    "meanResTime" : 205.95400000000024,
    "medianResTime" : 74.0,
    "minResTime" : 21.0,
    "maxResTime" : 1092.0,
    "pct1ResTime" : 784.6000000000001,
    "pct2ResTime" : 970.4499999999998,
    "pct3ResTime" : 1083.0,
    "throughput" : 334.44816053511704,
    "receivedKBytesPerSec" : 241.90792224080266,
    "sentKBytesPerSec" : 62.36609009197324
  },
  "put_character" : {
    "transaction" : "put_character",
    "sampleCount" : 100,
    "errorCount" : 0,
    "errorPct" : 0.0,
    "meanResTime" : 67.81000000000002,
    "medianResTime" : 72.0,
    "minResTime" : 26.0,
    "maxResTime" : 86.0,
    "pct1ResTime" : 80.0,
    "pct2ResTime" : 81.0,
    "pct3ResTime" : 85.99,
    "throughput" : 450.45045045045043,
    "receivedKBytesPerSec" : 116.57164977477477,
    "sentKBytesPerSec" : 98.08294622747748
  },
  "post_character" : {
    "transaction" : "post_character",
    "sampleCount" : 100,
    "errorCount" : 0,
    "errorPct" : 0.0,
    "meanResTime" : 67.02000000000001,
    "medianResTime" : 69.0,
    "minResTime" : 21.0,
    "maxResTime" : 111.0,
    "pct1ResTime" : 85.0,
    "pct2ResTime" : 90.0,
    "pct3ResTime" : 110.97999999999999,
    "throughput" : 374.53183520599254,
    "receivedKBytesPerSec" : 96.899139747191,
    "sentKBytesPerSec" : 81.53748244382022
  }
}