{
  "delete_character" : {
    "transaction" : "delete_character",
    "sampleCount" : 2000,
    "errorCount" : 0,
    "errorPct" : 0.0,
    "meanResTime" : 794.654500000001,
    "medianResTime" : 789.0,
    "minResTime" : 112.0,
    "maxResTime" : 2440.0,
    "pct1ResTime" : 1704.0,
    "pct2ResTime" : 1802.8499999999995,
    "pct3ResTime" : 2429.0,
    "throughput" : 194.9317738791423,
    "receivedKBytesPerSec" : 47.400402046783626,
    "sentKBytesPerSec" : 35.20422149122807
  },
  "get_character/id" : {
    "transaction" : "get_character/id",
    "sampleCount" : 2000,
    "errorCount" : 0,
    "errorPct" : 0.0,
    "meanResTime" : 1178.5355,
    "medianResTime" : 1105.5,
    "minResTime" : 86.0,
    "maxResTime" : 2576.0,
    "pct1ResTime" : 2227.100000000001,
    "pct2ResTime" : 2359.95,
    "pct3ResTime" : 2497.99,
    "throughput" : 190.2587519025875,
    "receivedKBytesPerSec" : 49.041329997859584,
    "sentKBytesPerSec" : 30.270557606782724
  },
  "get_characters" : {
    "transaction" : "get_characters",
    "sampleCount" : 2000,
    "errorCount" : 0,
    "errorPct" : 0.0,
    "meanResTime" : 1704.4895000000022,
    "medianResTime" : 1534.5,
    "minResTime" : 96.0,
    "maxResTime" : 5005.0,
    "pct1ResTime" : 3136.0,
    "pct2ResTime" : 3788.0,
    "pct3ResTime" : 4367.99,
    "throughput" : 194.53360568038127,
    "receivedKBytesPerSec" : 1679.4993305308335,
    "sentKBytesPerSec" : 30.58585011185682
  },
  "Total" : {
    "transaction" : "Total",
    "sampleCount" : 10000,
    "errorCount" : 0,
    "errorPct" : 0.0,
    "meanResTime" : 1069.110799999996,
    "medianResTime" : 889.0,
    "minResTime" : 86.0,
    "maxResTime" : 5005.0,
    "pct1ResTime" : 2249.8999999999996,
    "pct2ResTime" : 2495.0,
    "pct3ResTime" : 3788.0,
    "throughput" : 881.7564588660613,
    "receivedKBytesPerSec" : 1702.123810317653,
    "sentKBytesPerSec" : 164.41494425645888
  },
  "put_character" : {
    "transaction" : "put_character",
    "sampleCount" : 2000,
    "errorCount" : 0,
    "errorPct" : 0.0,
    "meanResTime" : 783.7500000000005,
    "medianResTime" : 733.0,
    "minResTime" : 92.0,
    "maxResTime" : 2571.0,
    "pct1ResTime" : 1773.6000000000058,
    "pct2ResTime" : 2249.0,
    "pct3ResTime" : 2568.0,
    "throughput" : 186.82858477347034,
    "receivedKBytesPerSec" : 48.34919430172816,
    "sentKBytesPerSec" : 40.671068571929005
  },
  "post_character" : {
    "transaction" : "post_character",
    "sampleCount" : 2000,
    "errorCount" : 0,
    "errorPct" : 0.0,
    "meanResTime" : 884.1245000000001,
    "medianResTime" : 836.0,
    "minResTime" : 261.0,
    "maxResTime" : 2476.0,
    "pct1ResTime" : 1617.0,
    "pct2ResTime" : 2180.0,
    "pct3ResTime" : 2452.99,
    "throughput" : 186.27177051317872,
    "receivedKBytesPerSec" : 48.19081723828816,
    "sentKBytesPerSec" : 40.550764150833565
  }
}