{
  "delete_character" : {
    "transaction" : "delete_character",
    "sampleCount" : 4931,
    "errorCount" : 0,
    "errorPct" : 0.0,
    "meanResTime" : 1266.3536807949695,
    "medianResTime" : 1221.0,
    "minResTime" : 82.0,
    "maxResTime" : 2756.0,
    "pct1ResTime" : 2199.0,
    "pct2ResTime" : 2315.0,
    "pct3ResTime" : 2640.3600000000006,
    "throughput" : 156.0887594568073,
    "receivedKBytesPerSec" : 37.95517686010256,
    "sentKBytesPerSec" : 28.186522417381532
  },
  "get_character/id" : {
    "transaction" : "get_character/id",
    "sampleCount" : 5141,
    "errorCount" : 0,
    "errorPct" : 0.0,
    "meanResTime" : 1224.5076833300932,
    "medianResTime" : 1112.0,
    "minResTime" : 39.0,
    "maxResTime" : 2765.0,
    "pct1ResTime" : 2044.8000000000002,
    "pct2ResTime" : 2378.699999999999,
    "pct3ResTime" : 2683.58,
    "throughput" : 161.3267643643895,
    "receivedKBytesPerSec" : 41.62745135053503,
    "sentKBytesPerSec" : 25.668176277575547
  },
  "get_characters" : {
    "transaction" : "get_characters",
    "sampleCount" : 5435,
    "errorCount" : 0,
    "errorPct" : 0.0,
    "meanResTime" : 1694.0980680772784,
    "medianResTime" : 1566.0,
    "minResTime" : 95.0,
    "maxResTime" : 6302.0,
    "pct1ResTime" : 2750.2000000000016,
    "pct2ResTime" : 3319.0,
    "pct3ResTime" : 4847.080000000081,
    "throughput" : 169.77477899603286,
    "receivedKBytesPerSec" : 1453.3711158357544,
    "sentKBytesPerSec" : 26.69310490074345
  },
  "Total" : {
    "transaction" : "Total",
    "sampleCount" : 25758,
    "errorCount" : 0,
    "errorPct" : 0.0,
    "meanResTime" : 1167.971698113211,
    "medianResTime" : 990.0,
    "minResTime" : 39.0,
    "maxResTime" : 6302.0,
    "pct1ResTime" : 2045.0,
    "pct2ResTime" : 2222.0,
    "pct3ResTime" : 2825.8600000000224,
    "throughput" : 804.6106269328085,
    "receivedKBytesPerSec" : 1615.1189738836567,
    "sentKBytesPerSec" : 149.7681056816762
  },
  "put_character" : {
    "transaction" : "put_character",
    "sampleCount" : 5117,
    "errorCount" : 0,
    "errorPct" : 0.0,
    "meanResTime" : 754.8028141489165,
    "medianResTime" : 559.0,
    "minResTime" : 82.0,
    "maxResTime" : 2756.0,
    "pct1ResTime" : 1308.0,
    "pct2ResTime" : 1966.0999999999995,
    "pct3ResTime" : 2626.739999999998,
    "throughput" : 162.7648069215599,
    "receivedKBytesPerSec" : 42.121751791224,
    "sentKBytesPerSec" : 35.43289818452192
  },
  "post_character" : {
    "transaction" : "post_character",
    "sampleCount" : 5134,
    "errorCount" : 0,
    "errorPct" : 0.0,
    "meanResTime" : 871.6949746786148,
    "medianResTime" : 770.0,
    "minResTime" : 44.0,
    "maxResTime" : 2761.0,
    "pct1ResTime" : 1407.0,
    "pct2ResTime" : 1879.0,
    "pct3ResTime" : 2723.0,
    "throughput" : 163.26400814094004,
    "receivedKBytesPerSec" : 42.23833118679641,
    "sentKBytesPerSec" : 35.541955852890666
  }
}