{
  "delete_character" : {
    "transaction" : "delete_character",
    "sampleCount" : 8000,
    "errorCount" : 426,
    "errorPct" : 5.325,
    "meanResTime" : 2009.9172499999995,
    "medianResTime" : 1725.0,
    "minResTime" : 0.0,
    "maxResTime" : 11944.0,
    "pct1ResTime" : 3302.0,
    "pct2ResTime" : 5202.149999999979,
    "pct3ResTime" : 7953.0,
    "throughput" : 63.49458311837772,
    "receivedKBytesPerSec" : 21.697126808107463,
    "sentKBytesPerSec" : 10.855620510734553
  },
  "get_character/id" : {
    "transaction" : "get_character/id",
    "sampleCount" : 8000,
    "errorCount" : 3177,
    "errorPct" : 39.7125,
    "meanResTime" : 1467.7262500000024,
    "medianResTime" : 1345.0,
    "minResTime" : 0.0,
    "maxResTime" : 7586.0,
    "pct1ResTime" : 2976.0,
    "pct2ResTime" : 3770.0,
    "pct3ResTime" : 6299.0,
    "throughput" : 62.11951795254069,
    "receivedKBytesPerSec" : 61.244961282069205,
    "sentKBytesPerSec" : 5.9583931476347995
  },
  "get_characters" : {
    "transaction" : "get_characters",
    "sampleCount" : 8000,
    "errorCount" : 1223,
    "errorPct" : 15.2875,
    "meanResTime" : 5784.9516249999915,
    "medianResTime" : 3794.5,
    "minResTime" : 0.0,
    "maxResTime" : 41918.0,
    "pct1ResTime" : 13327.800000000001,
    "pct2ResTime" : 19966.95,
    "pct3ResTime" : 24271.98,
    "throughput" : 61.00862509437272,
    "receivedKBytesPerSec" : 961.2250120825677,
    "sentKBytesPerSec" : 8.12577243830503
  },
  "Total" : {
    "transaction" : "Total",
    "sampleCount" : 40000,
    "errorCount" : 5875,
    "errorPct" : 14.6875,
    "meanResTime" : 3007.69087499999,
    "medianResTime" : 1786.0,
    "minResTime" : 0.0,
    "maxResTime" : 108331.0,
    "pct1ResTime" : 5945.0,
    "pct2ResTime" : 7769.0,
    "pct3ResTime" : 20285.99,
    "throughput" : 304.95475233862174,
    "receivedKBytesPerSec" : 1090.4933274470714,
    "sentKBytesPerSec" : 49.46847786362042
  },
  "put_character" : {
    "transaction" : "put_character",
    "sampleCount" : 8000,
    "errorCount" : 318,
    "errorPct" : 3.975,
    "meanResTime" : 2079.3803750000066,
    "medianResTime" : 1598.0,
    "minResTime" : 0.0,
    "maxResTime" : 13296.0,
    "pct1ResTime" : 4337.40000000002,
    "pct2ResTime" : 5944.95,
    "pct3ResTime" : 8553.0,
    "throughput" : 62.83232408912766,
    "receivedKBytesPerSec" : 20.342110653122376,
    "sentKBytesPerSec" : 13.396070856699104
  },
  "post_character" : {
    "transaction" : "post_character",
    "sampleCount" : 8000,
    "errorCount" : 731,
    "errorPct" : 9.1375,
    "meanResTime" : 3696.4788749999984,
    "medianResTime" : 1770.5,
    "minResTime" : 6.0,
    "maxResTime" : 108331.0,
    "pct1ResTime" : 5846.0,
    "pct2ResTime" : 6465.0,
    "pct3ResTime" : 56579.92,
    "throughput" : 62.36844156856631,
    "receivedKBytesPerSec" : 29.478011469946203,
    "sentKBytesPerSec" : 12.336320907558274
  }
}