{
  "delete_character" : {
    "transaction" : "delete_character",
    "sampleCount" : 562,
    "errorCount" : 75,
    "errorPct" : 13.345196,
    "meanResTime" : 5608.537366548048,
    "medianResTime" : 3142.0,
    "minResTime" : 2173.0,
    "maxResTime" : 13960.0,
    "pct1ResTime" : 12789.0,
    "pct2ResTime" : 12829.7,
    "pct3ResTime" : 13589.1,
    "throughput" : 20.543188215082065,
    "receivedKBytesPerSec" : 10.723553672277662,
    "sentKBytesPerSec" : 3.214799342946961
  },
  "get_character/id" : {
    "transaction" : "get_character/id",
    "sampleCount" : 1233,
    "errorCount" : 878,
    "errorPct" : 71.208435,
    "meanResTime" : 4245.158150851587,
    "medianResTime" : 2828.0,
    "minResTime" : 0.0,
    "maxResTime" : 13461.0,
    "pct1ResTime" : 10751.0,
    "pct2ResTime" : 11982.0,
    "pct3ResTime" : 13423.54,
    "throughput" : 25.460477409762948,
    "receivedKBytesPerSec" : 39.92041019658049,
    "sentKBytesPerSec" : 1.1661158059387131
  },
  "get_characters" : {
    "transaction" : "get_characters",
    "sampleCount" : 1786,
    "errorCount" : 451,
    "errorPct" : 25.251959,
    "meanResTime" : 29017.291713325867,
    "medianResTime" : 22437.0,
    "minResTime" : 2389.0,
    "maxResTime" : 61274.0,
    "pct1ResTime" : 54232.6,
    "pct2ResTime" : 54619.7,
    "pct3ResTime" : 61183.26,
    "throughput" : 27.278836754643205,
    "receivedKBytesPerSec" : 1338.8646518263533,
    "sentKBytesPerSec" : 3.2059118544950516
  },
  "Total" : {
    "transaction" : "Total",
    "sampleCount" : 5456,
    "errorCount" : 2127,
    "errorPct" : 38.984604,
    "meanResTime" : 13742.552236070365,
    "medianResTime" : 10105.0,
    "minResTime" : 0.0,
    "maxResTime" : 61274.0,
    "pct1ResTime" : 40338.3,
    "pct2ResTime" : 48102.3,
    "pct3ResTime" : 60851.880000000005,
    "throughput" : 83.33333333333333,
    "receivedKBytesPerSec" : 1402.1335277389571,
    "sentKBytesPerSec" : 9.242082970582846
  },
  "put_character" : {
    "transaction" : "put_character",
    "sampleCount" : 724,
    "errorCount" : 237,
    "errorPct" : 32.734806,
    "meanResTime" : 7789.1588397790065,
    "medianResTime" : 6274.0,
    "minResTime" : 2585.0,
    "maxResTime" : 13960.0,
    "pct1ResTime" : 13572.0,
    "pct2ResTime" : 13609.0,
    "pct3ResTime" : 13644.0,
    "throughput" : 19.580797836375933,
    "receivedKBytesPerSec" : 17.458269945909397,
    "sentKBytesPerSec" : 2.866960361730899
  },
  "post_character" : {
    "transaction" : "post_character",
    "sampleCount" : 1151,
    "errorCount" : 486,
    "errorPct" : 42.22415,
    "meanResTime" : 7931.236316246734,
    "medianResTime" : 7226.0,
    "minResTime" : 2074.0,
    "maxResTime" : 14133.0,
    "pct1ResTime" : 13390.0,
    "pct2ResTime" : 13564.599999999999,
    "pct3ResTime" : 13643.0,
    "throughput" : 25.88203548379843,
    "receivedKBytesPerSec" : 28.562218742270247,
    "sentKBytesPerSec" : 3.2554791676036072
  }
}